{"has_child":1,"home_url":"http:\/\/localhost:10094","root_flag":"custom","php_version":"8.1.29","mysql_version":"8.0.16","wp_version":"6.7","child_file":{"localhost_wpvivid-229ce31a87c56_2024-11-19-21-57_backup_db.zip":{"files":["localhost_wpvivid-229ce31a87c56_2024-11-19-21-57_backup_db.sql"],"tables":[{"name":"wp_links","size":32768,"rows":"0"},{"name":"wp_term_relationships","size":32768,"rows":"17"},{"name":"wp_yoast_migrations","size":32768,"rows":"24"},{"name":"wp_yoast_seo_links","size":32768,"rows":"0"},{"name":"wp_commentmeta","size":49152,"rows":"0"},{"name":"wp_postmeta","size":49152,"rows":"36"},{"name":"wp_term_taxonomy","size":49152,"rows":"10"},{"name":"wp_termmeta","size":49152,"rows":"0"},{"name":"wp_terms","size":49152,"rows":"10"},{"name":"wp_usermeta","size":49152,"rows":"26"},{"name":"wp_yoast_primary_term","size":49152,"rows":"0"},{"name":"wp_users","size":65536,"rows":"1"},{"name":"wp_yoast_indexable_hierarchy","size":65536,"rows":"0"},{"name":"wp_posts","size":81920,"rows":"15"},{"name":"wp_comments","size":98304,"rows":"1"},{"name":"wp_yoast_indexable","size":114688,"rows":"0"},{"name":"wp_options","size":1572864,"rows":"224"}],"dump_db":1,"file_type":"databases","home_url":"http:\/\/localhost:10094","root_flag":"custom","php_version":"8.1.29","mysql_version":"8.0.16","wp_version":"6.7","find_zero_date":1,"file":"localhost_wpvivid-229ce31a87c56_2024-11-19-21-57_backup_db.part001.zip"},"localhost_wpvivid-229ce31a87c56_2024-11-19-21-57_backup_themes.zip":{"file_type":"themes","root_flag":"wp-content","php_version":"8.1.29","mysql_version":"8.0.16","wp_version":"6.7","themes":{"generatepress":{"slug":"generatepress"}},"file":"localhost_wpvivid-229ce31a87c56_2024-11-19-21-57_backup_themes.part001.zip"},"localhost_wpvivid-229ce31a87c56_2024-11-19-21-57_backup_plugin.zip":{"file_type":"plugin","root_flag":"wp-content","php_version":"8.1.29","mysql_version":"8.0.16","wp_version":"6.7","plugin":{"acf-better-search":{"slug":"acf-better-search"},"acf-extended":{"slug":"acf-extended"},"advanced-custom-fields-pro":{"slug":"advanced-custom-fields-pro"},"contact-form-7":{"slug":"contact-form-7"},"faustwp":{"slug":"faustwp"},"polylang-pro-master":{"slug":"polylang-pro-master"},"wordpress-importer":{"slug":"wordpress-importer"},"wp-graphql":{"slug":"wp-graphql"},"wpgraphql-acf":{"slug":"wpgraphql-acf"},"duplicate-post":{"slug":"duplicate-post"},"wordpress-seo":{"slug":"wordpress-seo"}},"file":"localhost_wpvivid-229ce31a87c56_2024-11-19-21-57_backup_plugin.part001.zip"},"localhost_wpvivid-229ce31a87c56_2024-11-19-21-57_backup_uploads.zip":{"file_type":"upload","root_flag":"wp-content","php_version":"8.1.29","mysql_version":"8.0.16","wp_version":"6.7","file":"localhost_wpvivid-229ce31a87c56_2024-11-19-21-57_backup_uploads.part001.zip"},"localhost_wpvivid-229ce31a87c56_2024-11-19-21-57_backup_content.zip":{"file_type":"wp-content","root_flag":"wp-content","php_version":"8.1.29","mysql_version":"8.0.16","wp_version":"6.7","file":"localhost_wpvivid-229ce31a87c56_2024-11-19-21-57_backup_content.part001.zip"},"localhost_wpvivid-229ce31a87c56_2024-11-19-21-57_backup_core.zip":{"file_type":"wp-core","include_path":["wp-includes","wp-admin"],"wp_core":1,"root_flag":"root","home_url":"http:\/\/localhost:10094","file":"localhost_wpvivid-229ce31a87c56_2024-11-19-21-57_backup_core.part001.zip"}},"file":"localhost_wpvivid-229ce31a87c56_2024-11-19-21-57_backup_all.part001.zip"}